{
  "comment": "extended model fitted by calibrate.py",
  "model": "extended",
  "pose_euler_sequence": "ZYX",
  "polarization": -1.4726081500380572,
  "magnet_position": [
    -0.1041882326623232,
    -0.3756301176089245,
    25.511083543109596
  ],
  "tilt_y": 0.6681132097892666,
  "tilt_z": -8.419387022042658,
  "chip_rotvec_S1": [
    0.2247262012306249,
    0.08249700019152752,
    1.8546563241793244
  ],
  "chip_rotvec_S2": [
    -0.06291510533692374,
    -0.37566572539225,
    -2.476915879148954
  ],
  "imu_mount_rotvec": [
    0.18197795844237546,
    -0.26179938779914935,
    0.0
  ],
  "yaw_alignment_deg": 15.582608611276518,
  "sensor_bias_mT_S1": [
    0.006142352153849294,
    0.054750890476107074,
    0.02712775681234649
  ],
  "sensor_bias_mT_S2": [
    0.046024870550081656,
    0.07039795647611417,
    -0.03641990004709333
  ],
  "sensor_gain_S1": [
    0.7249643404211228,
    0.7697074007815949,
    0.6000000000000001
  ],
  "sensor_gain_S2": [
    1.3269921132814124,
    1.3999999999999997,
    1.196329608583445
  ],
  "ambient_field_mT": [
    0.03601161523947207,
    -0.2863445953396633,
    0.07601934555635971
  ],
  "sensor_home_S1": [
    26.41708719651809,
    -4.999999999999999,
    15.0
  ],
  "sensor_home_S2": [
    -16.999999999999993,
    -15.784609690826528,
    25.0
  ],
  "rms_residual_mT": 0.055255075932477846,
  "n_poses": 117,
  "field_correction": {
    "type": "fourier_yaw_quadratic_pitch_roll",
    "yaw_harmonics": 3,
    "alpha": 10.0,
    "feature_scale": [
      1.0,
      0.5212494249315321,
      0.5211640480283198,
      0.3328466484373042,
      0.3333178156649522,
      0.2715423952269982,
      0.7829796455441959,
      0.40782893638506845,
      0.40713295637365526,
      0.26020706938152505,
      0.2597701619374598,
      0.21178097763797132,
      0.6220473250995341,
      0.3246175005117204,
      0.3253532246523957,
      0.20755522739701013,
      0.20885456472541128,
      0.16995319919413224,
      0.6941000854962841,
      0.36480288812442613,
      0.3616332039191997,
      0.23481969473885872,
      0.2312410092193306,
      0.18869420031910758,
      0.7198785114962462,
      0.372316821816488,
      0.3752777515126624,
      0.2358953207223399,
      0.2400590800092355,
      0.19526845923381425,
      0.6794383577575444,
      0.35350963209719743,
      0.35386816897659923,
      0.22587401052543693,
      0.22617011003808707,
      0.18419254241175076,
      0.7337325929844817,
      0.38305600505142456,
      0.3826085257053401,
      0.24447458506990294,
      0.244842495423108,
      0.19952037421153423
    ],
    "coefficients_mT": [
      [
        -0.024768730279031145,
        0.04657935596877442,
        -0.015308164162492846,
        -0.01733277913209372,
        0.01199833429746464,
        -0.005250542691086025
      ],
      [
        -0.0017762673989131963,
        -0.04937419927361338,
        0.01274146071924288,
        -0.004190878286524105,
        0.04528894975934848,
        -0.008015371937671874
      ],
      [
        0.01930830777192072,
        -0.0001797008440527372,
        -0.00817824878216485,
        -0.020777805265763744,
        -0.0009676142976301176,
        -0.01083712959658104
      ],
      [
        -0.008124081912451045,
        -0.0018373606735418255,
        0.0004939472153925386,
        -0.005265008498416247,
        0.01254047441042264,
        -0.005132765493757271
      ],
      [
        0.003999700149434769,
        -0.025392889673273803,
        0.005684251915306728,
        0.003963687039083055,
        0.011408038171601851,
        -0.0010172051961656534
      ],
      [
        -0.017311309673896012,
        -0.03151068368831828,
        0.013200491812978932,
        -0.01157813221106045,
        -0.018071206983046557,
        0.001745795227323007
      ],
      [
        -0.0072315084927866815,
        0.04300398234960208,
        -0.01476744800033037,
        0.030554317598907758,
        0.009989782147383424,
        -0.0007756321398872925
      ],
      [
        0.02140123374671311,
        0.07434237495974894,
        -0.012061399826345626,
        -0.04321214369472948,
        -0.07052708770220316,
        0.041635198800979
      ],
      [
        -0.03769882913387311,
        0.0855186263544732,
        -0.045305414986699225,
        -0.0006450272275455141,
        -0.1288919790675734,
        0.02052485688690808
      ],
      [
        -0.008243482061099976,
        -0.0054391164924779585,
        -0.0021511335276479093,
        0.007301744664573728,
        -0.008060566414860734,
        0.0017398846524762257
      ],
      [
        0.03321365333792081,
        0.04824986224955293,
        -0.025921383735803043,
        -0.014314930692537925,
        0.02153743300560792,
        -0.00847406336480254
      ],
      [
        0.021561350100920366,
        -0.055231059771306365,
        0.02757372412780992,
        0.056883798272324176,
        0.002400734320566968,
        0.0015007989149785964
      ],
      [
        0.010743298699510153,
        -0.005974441621645169,
        0.009325180121690124,
        -0.008348339327269192,
        -0.010911180437056559,
        0.00784269146463571
      ],
      [
        0.019331832999614884,
        -0.0446185781099015,
        0.013117923307296563,
        -0.043668318882245934,
        0.08759087198391412,
        -0.02351834852918659
      ],
      [
        0.04725214433097099,
        0.054802556247640494,
        -0.023094028243207432,
        -0.04395724494327975,
        -0.03247130358189676,
        -0.006921178610152923
      ],
      [
        0.004095556484843165,
        0.008214778275411045,
        -0.005236528241251186,
        0.0004921062665163916,
        -0.005012153429624847,
        0.007974613045290355
      ],
      [
        0.03587728579279695,
        -0.04896838306303901,
        0.01318199557929155,
        0.0181127089391417,
        0.0022583758119192,
        -0.0007626031666853167
      ],
      [
        -0.018324811442472392,
        -0.024456208140422805,
        0.001605657615583335,
        -0.0037406776420464186,
        -0.054104089810173284,
        0.01842720623462463
      ],
      [
        -0.008352472807209604,
        -0.03870023422440636,
        0.014421268810563208,
        -0.02314231929048751,
        -0.0008946452751432101,
        0.0012184011829909271
      ],
      [
        0.00807294367456941,
        0.03283125984082187,
        -0.010813992509349649,
        -0.011153711758470639,
        -0.01721535403156327,
        0.010214007804743644
      ],
      [
        0.0033065826306194123,
        0.015205162970376326,
        -0.009274114453421318,
        0.0056773410794746255,
        -0.02180906151891782,
        0.005866384853633697
      ],
      [
        0.004941647529283376,
        0.0007937066755567483,
        0.011444220667055085,
        -0.010275295778599149,
        -0.014977237162910046,
        0.005672857049460527
      ],
      [
        0.0013379776560974764,
        0.0015868471179352908,
        -0.0009708545841813091,
        -0.01620729539279698,
        -0.0026364289738495775,
        -0.0007915768516363699
      ],
      [
        0.009418912289208298,
        0.020944745996208172,
        -0.0024253365238076086,
        0.009984532741194882,
        -0.01311220024090095,
        0.00410420101457716
      ],
      [
        -0.01787978754534048,
        0.014235855887961746,
        -0.005410903677436306,
        -0.012348205219615539,
        0.028441692246857914,
        -0.010627950265148706
      ],
      [
        0.0005043723049118152,
        -0.014521841115253663,
        0.008599369322521314,
        -0.01720885335358629,
        0.044138779960490516,
        -0.013197847758730423
      ],
      [
        0.004777670799707032,
        0.020016296606136172,
        -0.005540041992069815,
        -0.005893354425829295,
        -0.004162012470992428,
        -0.0028941034080313937
      ],
