{
  "comment": "extended model fitted by calibrate.py",
  "model": "extended",
  "pose_euler_sequence": "ZYX",
  "polarization": -1.6219076293761239,
  "magnet_position": [
    -0.0976113675970667,
    -0.4486990836778812,
    26.433819324636488
  ],
  "tilt_y": 0.7243453773119249,
  "tilt_z": -9.378410728593307,
  "chip_rotvec_S1": [
    0.3847555984569725,
    -0.028426753108483697,
    1.9290528408070784
  ],
  "chip_rotvec_S2": [
    0.10384063739806951,
    -0.30159324892651024,
    -2.575515789464047
  ],
  "imu_mount_rotvec": [
    0.23880026612544164,
    -0.26179938779914935,
    0.0
  ],
  "yaw_alignment_deg": 17.61287142976492,
  "sensor_bias_mT_S1": [
    0.012381549794027993,
    0.014450367790604835,
    0.08602656222643144
  ],
  "sensor_bias_mT_S2": [
    0.015010424150511398,
    0.07022466521393923,
    0.03548815509379446
  ],
  "sensor_gain_S1": [
    0.62777119894543,
    0.6554270992809368,
    0.6000000000000001
  ],
  "sensor_gain_S2": [
    1.3164886985245416,
    1.3999999999999997,
    1.392432326256747
  ],
  "ambient_field_mT": [
    0.06211986869859436,
    -0.348446388362523,
    0.004901773211299922
  ],
  "sensor_home_S1": [
    25.217166342824108,
    -4.999999999999999,
    15.0
  ],
  "sensor_home_S2": [
    -16.999999999999993,
    -15.784609690826528,
    25.0
  ],
  "rms_residual_mT": 0.0854747577250658,
  "n_poses": 198,
  "field_correction": {
    "type": "fourier_yaw_quadratic_pitch_roll",
    "yaw_harmonics": 3,
    "alpha": 10.0,
    "feature_scale": [
      1.0,
      0.6544592585185164,
      0.6529249778628258,
      0.5764342874938232,
      0.5755180679552325,
      0.45688915920173684,
      0.7829369538855164,
      0.5121325073437565,
      0.5107311274987705,
      0.45177315015800995,
      0.44960167742010204,
      0.3581894643670458,
      0.6221010579001363,
      0.407476644707894,
      0.4067735759866986,
      0.3580188662554249,
      0.3592761865250104,
      0.28363358653819354,
      0.7002976262860462,
      0.46050497072859786,
      0.4603070532487898,
      0.4058750631656864,
      0.40869346524424216,
      0.3227093843158886,
      0.7138509890853477,
      0.4650291313400263,
      0.463064189337275,
      0.4093188499186932,
      0.4052045138070121,
      0.3234290603370856,
      0.6742825777012729,
      0.4409091023526335,
      0.4401325220311206,
      0.3893925719809055,
      0.3895916399436096,
      0.3077166004870413,
      0.7384734290470625,
      0.48364872017115973,
      0.48228040574721365,
      0.425029308030172,
      0.4236028808081602,
      0.3377250325053928
    ],
    "coefficients_mT": [
      [
        -0.038744925494890024,
        0.0437400496810059,
        -0.009436411914563405,
        0.0024328343530948,
        0.06345061920965764,
        -0.009684622029459062
      ],
      [
        0.001471606964659462,
        -0.04060632091536704,
        0.015387960125354459,
        -0.016741405459573963,
        0.06813185505995409,
        -0.006921072612414298
      ],
      [
        0.011033594232848054,
        -0.013457293646221872,
        0.00419173590830648,
        -0.014968250678444244,
        -0.033428618206625044,
        -0.003637894859015133
      ],
      [
        -0.001880810777257017,
        0.0053039357840421655,
        -0.0071109499393601045,
        -0.024328896918628197,
        0.011807150071173474,
        -0.0052364800412438494
      ],
      [
        0.0036849892320404147,
        -0.0291350638864857,
        0.0022803138197459924,
        -0.00828404018706399,
        0.014972132381126978,
        -0.01080057349734465
      ],
      [
        -0.0068411128491981405,
        -0.013046984864384485,
        -0.00044550270492914903,
        -0.010588498013296112,
        -0.028764591245384826,
        0.008861834713240997
      ],
      [
        0.022252032155195906,
        0.08648077828410743,
        -0.02618668987809994,
        0.016101771117619335,
        0.022930753634764454,
        -0.007960074949248119
      ],
      [
        0.035960860292613986,
        0.07351729652205163,
        -0.004949112758280798,
        -0.06626416466225142,
        -0.15028204721682462,
        0.07652059986691577
      ],
      [
        -0.033639625580607735,
        0.09554471418276467,
        -0.02444350265340341,
        0.02774050248195937,
        -0.18895451198226826,
        0.02451940335227328
      ],
      [
        -0.04753616527051382,
        -0.012042008460186505,
        0.0035920729261385642,
        0.009161705947711703,
        -0.07235448073335135,
        0.014344231882717306
      ],
      [
        0.020479924804414323,
        0.018094954605995275,
        -0.008227237334838013,
        0.03374875056784901,
        0.08688360642985112,
        -0.01894754618266717
      ],
      [
        0.02360692420023691,
        -0.07010535817305906,
        0.025663584568583753,
        0.10441880433906042,
        -0.04004856544351806,
        0.014489861201777587
      ],
      [
        0.01626886890091597,
        -0.05139821809756894,
        0.033820137746931364,
        -0.013303760604738087,
        -0.004329639812513048,
        0.0053832160123747684
      ],
      [
        9.28894474771126e-05,
        -0.04303444962490877,
        0.027291109205970235,
        -0.07450240593272096,
        0.14104873937687315,
        -0.022206434462112082
      ],
      [
        0.021928512618595995,
        0.06516139943792172,
        -0.011894352792662485,
        -0.0534650788406289,
        -0.054678921777801065,
        -0.014742221799078485
      ],
      [
        0.017223883705624922,
        0.039158832625577594,
        -0.024815054635872767,
        -0.038671521284063794,
        -0.016636684848368465,
        0.016076614848659465
      ],
      [
        0.02967695789806378,
        -0.021772372450804774,
        0.009318434966605041,
        0.03971933542205894,
        -0.049667184446255785,
        0.023562640733207876
      ],
      [
        -0.02708840939998132,
        -0.011716154676708683,
        -0.005682220277332145,
        -0.014564666395439498,
        -0.08795602020575673,
        0.028176271185955396
      ],
      [
        -0.0042265223756317956,
        -0.04397747419678133,
        0.02428740975131661,
        -0.03984231409010038,
        -0.012521873708574178,
        0.006924289256215366
      ],
      [
        -0.003760924235514493,
        0.020008850088236347,
        -0.006122412739387672,
        -0.0024610563481672486,
        -0.01806532898632768,
        0.009337345672515325
      ],
      [
        0.0035751347155083936,
        0.008074543256167415,
        -0.009508062138971695,
        0.017244103667025116,
        -0.02192940634810154,
        0.004731404655730824
      ],
      [
        0.0027685990595239336,
        0.006677997057236373,
        -0.003639650206556873,
        0.007035588177091332,
        -0.01726306013155932,
        0.006231444276725991
      ],
      [
        0.014297688600922117,
        0.034470578075684266,
        -0.017028546906419008,
        0.002694629250721177,
        -0.013577791406066918,
        0.0023131539678808853
      ],
      [
        -0.002592933399734936,
        0.018839730075898183,
        -0.003019453594424286,
        0.019772654681284113,
        -0.011427015327645581,
        0.000829733885069597
      ],
      [
        -0.03156604757339984,
        -0.022212135319577643,
        0.007343463653708005,
        -0.022368383983005734,
        0.06568489684345526,
        -0.0259119214916169
      ],
      [
        0.005859891962982599,
        -0.017877044453431617,
        0.021613223314083958,
        -0.021460523031202675,
        0.06249120500267616,
        -0.014484544961316011
      ],
      [
        0.005971057873093982,
        0.013848530271273179,
        0.0019155699660994103,
        -0.025750136737796397,
        -0.0219232962565808,
        -0.0028421765784155577
      ],
      [
