{
  "comment": "extended model fitted by calibrate.py",
  "model": "extended",
  "pose_euler_sequence": "ZYX",
  "polarization": -1.4726288289976315,
  "magnet_position": [
    -0.12891659415069187,
    -0.36786578501774164,
    25.511161816596445
  ],
  "tilt_y": 0.667742021523752,
  "tilt_z": -12.230206143975192,
  "chip_rotvec_S1": [
    0.22475088874714225,
    0.08247873420551556,
    1.8546669514751124
  ],
  "chip_rotvec_S2": [
    -0.0628825870922371,
    -0.37565635332720587,
    -2.476937044704424
  ],
  "imu_mount_rotvec": [
    0.18198731450681774,
    -0.26179938779914935,
    0.0
  ],
  "yaw_alignment_deg": 11.77248502208009,
  "sensor_bias_mT_S1": [
    0.006138762834120288,
    0.054739272206061,
    0.027126969480528042
  ],
  "sensor_bias_mT_S2": [
    0.04602467613968746,
    0.07038924900039756,
    -0.036416566210740645
  ],
  "sensor_gain_S1": [
    0.724942768963931,
    0.7696822474148489,
    0.6000000000000001
  ],
  "sensor_gain_S2": [
    1.3269904133719355,
    1.3999999999999997,
    1.1963682229054176
  ],
  "ambient_field_mT": [
    0.016909285677659477,
    -0.2881238407813566,
    0.07600737715826736
  ],
  "sensor_home_S1": [
    26.41685332849656,
    -4.999999999999999,
    15.0
  ],
  "sensor_home_S2": [
    -16.999999999999993,
    -15.784609690826528,
    25.0
  ],
  "rms_residual_mT": 0.1757293576506778,
  "n_poses": 117
}