{
  "schema_version": 1,
  "created_at_utc": "2026-07-17T18:45:14.857316+02:00",
  "model_path": "physical_model.json",
  "calibration_path": "calibration_data.csv",
  "knot_spacing_s": 300.0,
  "knot_times_s": [
    0.0,
    297.7535423333333,
    595.5070846666666,
    893.2606269999999,
    1191.0141693333333,
    1488.7677116666666,
    1786.5212539999998,
    2084.274796333333,
    2382.0283386666665,
    2679.781881,
    2977.5354233333333,
    3275.2889656666666,
    3573.0425079999995,
    3870.796050333333,
    4168.549592666666,
    4466.303135
  ],
  "heading_error_at_knots_deg": [
    2.0731800161167664,
    1.1228782348425173,
    2.3416037700141876,
    0.5375785645094104,
    0.1367818881559102,
    1.3635743345697737,
    0.6227178119179186,
    -1.040575589187611,
    0.7413036439347647,
    -0.9963297559230193,
    0.6486474453870954,
    -2.3179424574041576,
    -3.336028152484971,
    -0.09658696294093641,
    -0.11778878265096157,
    -3.0007769248137124
  ],
  "heading_swing_deg": 5.6219935773070935,
  "station_term_deg": {
    "-60": 0.4003472981781245,
    "-50": 0.6160748013951706,
    "-40": 0.8306792170520729,
    "-30": 0.8509957551351893,
    "-20": 0.7707684388659674,
    "-10": 0.5422658668824942,
    "+0": 0.1681965484197115,
    "+10": -0.2546532859753273,
    "+20": -0.5855305030204322,
    "+30": -0.9327664800934727,
    "+40": -0.8573474395496259,
    "+50": -0.8701009782551808,
    "+60": -0.6789292390346862
  },
  "unmodeled_noise_std_deg": 0.8310286275817288
}
