{
  "schema_version": 1,
  "created_at_utc": "2026-07-17T18:47:33.342349+02:00",
  "model_path": "physical_model.json",
  "calibration_path": "calibration_data.csv",
  "knot_spacing_s": 300.0,
  "knot_times_s": [
    0.0,
    297.7535423333333,
    595.5070846666666,
    893.2606269999999,
    1191.0141693333333,
    1488.7677116666666,
    1786.5212539999998,
    2084.274796333333,
    2382.0283386666665,
    2679.781881,
    2977.5354233333333,
    3275.2889656666666,
    3573.0425079999995,
    3870.796050333333,
    4168.549592666666,
    4466.303135
  ],
  "heading_error_at_knots_deg": [
    2.838688446942884,
    1.4609907737106165,
    3.2171309240860566,
    0.7044246880596379,
    0.4774566458731263,
    1.8995594483246505,
    0.5597547275194144,
    -0.9667633637522473,
    1.033792420178275,
    -1.4762242399033905,
    0.6225677296606672,
    -2.9942665173022505,
    -4.372211549329361,
    -0.4896032821758356,
    -0.21528925398122076,
    -2.832727731332845
  ],
  "heading_swing_deg": 7.509764007073892,
  "station_term_deg": {
    "-60": 0.004641816314125162,
    "-50": 0.29976446228722853,
    "-40": 0.5500784171497578,
    "-30": 0.5707903846232654,
    "-20": 0.5669704224960048,
    "-10": 0.4593309801969932,
    "+0": 0.20949762770270328,
    "+10": -0.10031674097127419,
    "+20": -0.328208872758111,
    "+30": -0.6474401353733853,
    "+40": -0.5611859533907912,
    "+50": -0.5983470153339061,
    "+60": -0.4255753929426065
  },
  "unmodeled_noise_std_deg": 0.9015341686447524,
  "note": "Converged heading-wander estimate (3 compensate/refit iterations). The promoted physical_model.json was fitted on calibration_data_heading_compensated_iter3.csv, whose yaw_deg = yaw_imu_original_deg + this wander estimate."
}
