{
  "schema_version": 1,
  "created_at_utc": "2026-07-17T18:46:21.382226+02:00",
  "model_path": "physical_model_v2.json",
  "calibration_path": "calibration_data.csv",
  "knot_spacing_s": 300.0,
  "knot_times_s": [
    0.0,
    297.7535423333333,
    595.5070846666666,
    893.2606269999999,
    1191.0141693333333,
    1488.7677116666666,
    1786.5212539999998,
    2084.274796333333,
    2382.0283386666665,
    2679.781881,
    2977.5354233333333,
    3275.2889656666666,
    3573.0425079999995,
    3870.796050333333,
    4168.549592666666,
    4466.303135
  ],
  "heading_error_at_knots_deg": [
    2.6367242959068715,
    1.3792639382798628,
    3.038198280822683,
    0.6602829099839359,
    0.4011339362420031,
    1.7948220421639733,
    0.5643800586883093,
    -0.9825361908177506,
    0.9858220748412362,
    -1.3850492978438045,
    0.6367034609469561,
    -2.845069122451946,
    -4.155279526259069,
    -0.3774548350146396,
    -0.17752056379689563,
    -2.880923556114553
  ],
  "heading_swing_deg": 7.118247197694975,
  "station_term_deg": {
    "-60": 0.08001836101110006,
    "-50": 0.3740104203232356,
    "-40": 0.6177647034767295,
    "-30": 0.6344236684334918,
    "-20": 0.6119177518167465,
    "-10": 0.47622814635025873,
    "+0": 0.19709291835771056,
    "+10": -0.13655446589622722,
    "+20": -0.3902865478262242,
    "+30": -0.7163394397830185,
    "+40": -0.6307162105106707,
    "+50": -0.6565399353023871,
    "+60": -0.4610193704507412
  },
  "unmodeled_noise_std_deg": 0.8884859246166696
}
