{
  "comment": "fitted by calibrate.py; loaded by simulation.py",
  "polarization": -1.0148445733005873,
  "magnet_position": [
    -0.29925310524353227,
    -0.6102142185011848,
    21.760560811884652
  ],
  "tilt_y": -5.95784319563147,
  "tilt_z": 2.9044282642172314,
  "chip_rotvec_S1": [
    -0.14183966231175385,
    0.26706307183046946,
    1.632396390339598
  ],
  "chip_rotvec_S2": [
    0.013545003277195562,
    0.5268305505614362,
    3.593608850094907
  ],
  "imu_mount_rotvec": [
    0.046147216266144715,
    -0.03198566370724057,
    0.0
  ],
  "rms_residual_mT": 0.4830385755251853,
  "n_poses": 20
}