{
  "schema_version": 1,
  "created_at_utc": "2026-07-17T20:27:13.300186+00:00",
  "report_type": "labeled_dataset_evaluation",
  "status_note": "diagnostic evaluation of a supplied dataset; not untouched holdout evidence",
  "residual_correction_active": false,
  "inputs": {
    "data_path": "verification_data_yaw_compensated.csv",
    "data_sha256": "a885565efaf925c3cc266ee95f6b73dab7f1c34fda6ea739fe63303f57170467",
    "rows": 60,
    "yaw_truth_column": "yaw_compensated_deg",
    "model_path": "physical_model.json",
    "model_sha256": "544a2a8b424dbe36a6203c96666aed7513cbcb0e57b43e9659276e58edfe481a",
    "yaw_zero_offset_deg": 0.0
  },
  "method": {
    "truth_used_as_estimator_seed": false,
    "recording_order_used_for_tracking": false,
    "yaw_search_margin_deg": 10.0,
    "coarse_grid_points": 375,
    "global_starts_per_pose": 3,
    "local_optimizer": "bounded scipy.optimize.least_squares",
    "median_function_evaluations": 7.0
  },
  "angle_error_deg": {
    "yaw": {
      "mae": 0.3202202386314473,
      "rmse": 0.4024503198467634,
      "median_absolute": 0.2612571972655644,
      "p95_absolute": 0.8304738926753984,
      "maximum_absolute": 0.8524998874875394
    },
    "pitch": {
      "mae": 0.34222790648113166,
      "rmse": 0.4612879846789884,
      "median_absolute": 0.23607313360679516,
      "p95_absolute": 0.9114884459960061,
      "maximum_absolute": 1.44924767109607
    },
    "roll": {
      "mae": 0.6021102533410442,
      "rmse": 0.8152661721905768,
      "median_absolute": 0.4261016144659955,
      "p95_absolute": 1.7769742289147112,
      "maximum_absolute": 2.3241347191542685
    }
  },
  "worst_axis_error_deg": {
    "mae": 0.7350932528866989,
    "rmse": 0.8810337567168653,
    "median_absolute": 0.6100049347659193,
    "p95_absolute": 1.7769742289147112,
    "maximum_absolute": 2.3241347191542685
  },
  "euclidean_angle_error_deg": {
    "mae": 0.8568303958711468,
    "rmse": 1.01951547132559,
    "median_absolute": 0.6916490030811331,
    "p95_absolute": 1.9954388913635395,
    "maximum_absolute": 2.7561296780578846
  },
  "optimized_field_rms_mT": {
    "mae": 0.0340043275674774,
    "rmse": 0.03702394361923169,
    "median_absolute": 0.03227884210302609,
    "p95_absolute": 0.05853905752249837,
    "maximum_absolute": 0.07564082076529294
  }
}
