{
  "schema_version": 1,
  "created_at_utc": "2026-07-17T19:45:20.184993+00:00",
  "report_type": "labeled_dataset_evaluation",
  "status_note": "diagnostic evaluation of a supplied dataset; not untouched holdout evidence",
  "residual_correction_active": false,
  "inputs": {
    "data_path": "verification_data_yaw_compensated.csv",
    "data_sha256": "7785585d1f63ab0074b9ad3a7a47f675191d007dc1e0bef58c1b4c8938c83cd6",
    "rows": 60,
    "yaw_truth_column": "yaw_compensated_deg",
    "model_path": "physical_model.json",
    "model_sha256": "d5ae9c985962c6a2ca67b76e9dfc4db1ef3af8a319463bfafdfc926f30f3cf0a",
    "yaw_zero_offset_deg": 5.381888050929966
  },
  "method": {
    "truth_used_as_estimator_seed": false,
    "recording_order_used_for_tracking": false,
    "yaw_search_margin_deg": 10.0,
    "coarse_grid_points": 375,
    "global_starts_per_pose": 3,
    "local_optimizer": "bounded scipy.optimize.least_squares",
    "median_function_evaluations": 7.0
  },
  "angle_error_deg": {
    "yaw": {
      "mae": 0.32036911370365717,
      "rmse": 0.40259724898849153,
      "median_absolute": 0.26139559832917314,
      "p95_absolute": 0.8306276904720761,
      "maximum_absolute": 0.8527349689648531
    },
    "pitch": {
      "mae": 0.34225441044911165,
      "rmse": 0.4613218815451218,
      "median_absolute": 0.23608004510500447,
      "p95_absolute": 0.9115419606201464,
      "maximum_absolute": 1.4495227338346393
    },
    "roll": {
      "mae": 0.6020275150689908,
      "rmse": 0.8152572346424305,
      "median_absolute": 0.42603411266445956,
      "p95_absolute": 1.777155448434319,
      "maximum_absolute": 2.324229789499964
    }
  },
  "worst_axis_error_deg": {
    "mae": 0.7351295635097453,
    "rmse": 0.8810779375982761,
    "median_absolute": 0.6098965932881568,
    "p95_absolute": 1.777155448434319,
    "maximum_absolute": 2.324229789499964
  },
  "euclidean_angle_error_deg": {
    "mae": 0.8568696938688694,
    "rmse": 1.0195816700599594,
    "median_absolute": 0.691472961989271,
    "p95_absolute": 1.995790214520163,
    "maximum_absolute": 2.7563277535548516
  },
  "optimized_field_rms_mT": {
    "mae": 0.03400187153669601,
    "rmse": 0.03702114675597777,
    "median_absolute": 0.032279799093422004,
    "p95_absolute": 0.058534356489191086,
    "maximum_absolute": 0.07562903859993175
  }
}
