{
  "schema_version": 1,
  "created_at_utc": "2026-07-17T10:24:04.171472+00:00",
  "calibration_type": "static_home_pose_magnet_out_offset",
  "sensor_reader": {
    "type": "tlv493d_a1b6_complete_frame_v1",
    "coherence_rule": "accept only frames with CHANNEL status equal to zero"
  },
  "assumption": "The six magnet-out channel values are static and are subtracted from every later reading.",
  "conditions": {
    "main_magnet": "removed_and_kept_far_from_rig",
    "mechanical_pose_deg": {
      "yaw": 0.0,
      "pitch": 0.0,
      "roll": 0.0
    }
  },
  "channel_order": [
    "S1_Bx",
    "S1_By",
    "S1_Bz",
    "S2_Bx",
    "S2_By",
    "S2_Bz"
  ],
  "field_unit": "mT",
  "acquisition": {
    "sensor_1_i2c_bus": 3,
    "sensor_2_i2c_bus": 4,
    "batches": 3,
    "samples_per_batch": 128,
    "total_samples_per_channel": 384,
    "sample_delay_s": 0.03,
    "settle_time_s": 2.0,
    "raw_samples_file": "sensor_offset_samples.csv"
  },
  "offsets_mT": {
    "S1": [
      -0.05614583333333333,
      0.077328125,
      -0.04261979166666666
    ],
    "S2": [
      0.07860416666666667,
      0.06941666666666667,
      -0.025520833333333336
    ]
  },
  "sample_stddev_mT": {
    "S1": [
      0.13473594554445392,
      0.11996377451745671,
      0.11575738211134706
    ],
    "S2": [
      0.09748154854306199,
      0.09675536880460552,
      0.09068511833566958
    ]
  },
  "batch_means_mT": [
    {
      "S1": [
        -0.05053125,
        0.09646875,
        -0.02296875
      ],
      "S2": [
        0.07196875,
        0.074265625,
        -0.019140625
      ]
    },
    {
      "S1": [
        -0.071203125,
        0.075796875,
        -0.05359375
      ],
      "S2": [
        0.08039062500000001,
        0.06125,
        -0.039046875
      ]
    },
    {
      "S1": [
        -0.046703125,
        0.05971875,
        -0.051296875
      ],
      "S2": [
        0.083453125,
        0.072734375,
        -0.018375000000000002
      ]
    }
  ],
  "batch_mean_spread_mT": {
    "S1": [
      0.024500000000000008,
      0.036750000000000005,
      0.030625000000000003
    ],
    "S2": [
      0.011484375000000005,
      0.013015625000000003,
      0.020671875
    ]
  }
}
