{
  "schema_version": 1,
  "model": "config/model.json",
  "data": "data/verification.csv",
  "poses": 60,
  "note": "Xsens yaw drift is estimated against the magnetic model; yaw metrics measure repeatability, not an independent absolute-yaw holdout.",
  "error_deg": {
    "yaw": {
      "mae": 0.3202202360529858,
      "rmse": 0.40245030671251786,
      "p95": 0.8304738110623375,
      "max": 0.8524998799907166
    },
    "pitch": {
      "mae": 0.34222790648113166,
      "rmse": 0.4612879846789884,
      "p95": 0.9114884459960061,
      "max": 1.44924767109607
    },
    "roll": {
      "mae": 0.6021102533410442,
      "rmse": 0.8152661721905768,
      "p95": 1.7769742289147112,
      "max": 2.3241347191542685
    }
  },
  "xsens_heading_drift_deg": {
    "swing": 2.4215633486481947,
    "knot_times_s": [
      0.0,
      79.83702675,
      159.6740535,
      239.51108025000002,
      319.348107,
      399.18513375000003,
      479.02216050000004,
      558.8591872500001,
      638.696214
    ],
    "values": [
      -7.957085181894083,
      -8.095629036435486,
      -6.3716366988718915,
      -8.013759042861095,
      -8.553837370153754,
      -7.248211242030719,
      -8.308560681021666,
      -6.475704589379201,
      -6.096471197585461
    ]
  }
}
