{
  "method": {
    "reference": "Xsens IMU, direct same-sample comparison",
    "offset_correction": true,
    "ema_alpha": 0.2,
    "estimator": "nearest-neighbor 6-D KD-tree lookup",
    "offline_alignment": false,
    "std_ddof": 0
  },
  "axis_order": [
    "yaw",
    "pitch",
    "roll"
  ],
  "scenarios": {
    "yaw": {
      "samples": 686,
      "mae_deg": [
        1.265256147359561,
        0.4483252653939763,
        0.6107661912706037
      ],
      "std_absolute_error_deg": [
        1.0248678249933347,
        0.3213648379713078,
        0.5278699889131904
      ],
      "std_signed_error_deg": [
        1.6127209527657989,
        0.535574532197573,
        0.6828729148988344
      ]
    },
    "pitch": {
      "samples": 570,
      "mae_deg": [
        0.6181583584390709,
        0.5751492615424412,
        0.4620424015192383
      ],
      "std_absolute_error_deg": [
        0.47402393759495676,
        0.6034952349312184,
        0.3978464274376834
      ],
      "std_signed_error_deg": [
        0.6680792682263283,
        0.7681095035818586,
        0.5943053426052668
      ]
    },
    "roll": {
      "samples": 506,
      "mae_deg": [
        0.7251705358954592,
        0.5580623308450068,
        0.6080711220212875
      ],
      "std_absolute_error_deg": [
        0.6025325423613725,
        0.30790303012177334,
        0.48242288337024786
      ],
      "std_signed_error_deg": [
        0.8464436467341949,
        0.6373408398902202,
        0.7689433563111809
      ]
    },
    "random": {
      "samples": 981,
      "mae_deg": [
        1.275323231424488,
        0.9457973345522226,
        1.0064016881287552
      ],
      "std_absolute_error_deg": [
        1.215175811963421,
        0.8589969644230319,
        1.031309120596516
      ],
      "std_signed_error_deg": [
        1.7382239498596006,
        1.2065222530122672,
        1.429734060652659
      ]
    },
    "all_recordings": {
      "samples": 2743,
      "mae_deg": [
        1.0347591551547402,
        0.6728373808759612,
        0.7208581188022898
      ],
      "std_absolute_error_deg": [
        0.9960843142499544,
        0.653113550597229,
        0.7578592246214788
      ],
      "std_signed_error_deg": [
        1.4005956664768884,
        0.9038583476312932,
        1.022582973996647
      ]
    }
  }
}
